{"i":1000,"val_loss_history":[1.7495515671643],"val_loss_history_it":[1000],"forward_backward_times":{},"opt":{"max_epochs":50,"checkpoint_every":1000,"batch_size":50,"memory_benchmark":0,"init_from":"","grad_clip":5,"model_type":"lstm","lr_decay_every":5,"print_every":1,"wordvec_size":64,"seq_length":50,"input_json":"data\/tiny-shakespeare.json","num_layers":2,"input_h5":"data\/tiny-shakespeare.h5","reset_iterations":1,"rnn_size":128,"dropout":0,"checkpoint_name":"cv\/checkpoint","batchnorm":0,"learning_rate":0.002,"speed_benchmark":0,"gpu_backend":"cuda","lr_decay_factor":0.5,"gpu":-1},"train_loss_history":[4.175320148468,4.097198009491,3.9843246936798,3.8411772251129,3.6815581321716,3.5591237545013,3.4775586128235,3.4614231586456,3.3732187747955,3.3940968513489,3.3822484016418,3.3175117969513,3.3890850543976,3.3186707496643,3.324800491333,3.313506603241,3.2803094387054,3.2980601787567,3.2577795982361,3.2918608188629,3.2755236625671,3.3279058933258,3.2996594905853,3.2758848667145,3.3159101009369,3.2380037307739,3.2829051017761,3.249401807785,3.1934311389923,3.2470307350159,3.178026676178,3.1972403526306,3.1040139198303,3.1540791988373,3.1166598796844,3.1795496940613,3.1329548358917,3.1366319656372,3.0877604484558,3.0364239215851,3.0123784542084,3.0095829963684,3.0472304821014,3.0000081062317,3.0314173698425,2.9951360225677,2.9592669010162,2.9623577594757,2.9639542102814,2.9149489402771,2.8717195987701,2.8708956241608,2.8919563293457,2.8685426712036,2.771924495697,2.8112139701843,2.7775895595551,2.8121545314789,2.8013708591461,2.7592952251434,2.7709949016571,2.7262363433838,2.7049674987793,2.7317411899567,2.6762237548828,2.6908249855042,2.6891746520996,2.6797068119049,2.6551065444946,2.6993844509125,2.6739032268524,2.5999641418457,2.5896918773651,2.5988512039185,2.5766007900238,2.5526258945465,2.5822591781616,2.5211789608002,2.6032557487488,2.5426712036133,2.5447280406952,2.540787935257,2.5180513858795,2.5178129673004,2.5363984107971,2.5441770553589,2.4624934196472,2.5294342041016,2.4723167419434,2.4699320793152,2.4598944187164,2.4747700691223,2.4125328063965,2.4416196346283,2.4588952064514,2.4701433181763,2.4697155952454,2.3612170219421,2.4154629707336,2.4172749519348,2.4128177165985,2.3897001743317,2.3553838729858,2.4046483039856,2.365870475769,2.4076201915741,2.4106216430664,2.3109340667725,2.3096218109131,2.3538663387299,2.3503446578979,2.4077146053314,2.3889544010162,2.3358869552612,2.3721449375153,2.3343889713287,2.411212682724,2.3063735961914,2.3263909816742,2.3125967979431,2.3067126274109,2.2925720214844,2.3141543865204,2.3193354606628,2.3370125293732,2.3015513420105,2.3088972568512,2.2934877872467,2.2798821926117,2.2659647464752,2.2769043445587,2.2859799861908,2.297780752182,2.2616283893585,2.2639677524567,2.2923877239227,2.2826731204987,2.2534232139587,2.2590184211731,2.2486050128937,2.276335477829,2.2655467987061,2.3396153450012,2.28697514534,2.2142994403839,2.2685515880585,2.2171802520752,2.2619800567627,2.2652063369751,2.2486896514893,2.2414436340332,2.2480747699738,2.2497217655182,2.2467052936554,2.2232439517975,2.2510914802551,2.2122118473053,2.2207617759705,2.2473766803741,2.2460262775421,2.2342028617859,2.2529990673065,2.2219233512878,2.2388060092926,2.1664731502533,2.1956861019135,2.1755609512329,2.1967597007751,2.1938202381134,2.1596586704254,2.192816734314,2.1680123806,2.2222771644592,2.2092959880829,2.2241070270538,2.2154178619385,2.1674656867981,2.1711339950562,2.2071170806885,2.1535000801086,2.1682016849518,2.1856751441956,2.1589825153351,2.1760048866272,2.1286907196045,2.1294515132904,2.1448957920074,2.1675689220428,2.1424150466919,2.181170463562,2.1643741130829,2.1586120128632,2.1804733276367,2.1135642528534,2.1475176811218,2.1256422996521,2.1496241092682,2.1239831447601,2.0683150291443,2.1470458507538,2.0944509506226,2.1054170131683,2.0844371318817,2.2028758525848,2.0944726467133,2.1658506393433,2.1646199226379,2.0767116546631,2.1235733032227,2.143744468689,2.1256558895111,2.077321767807,2.0751194953918,2.0690443515778,2.1230275630951,2.1462962627411,2.1000998020172,2.0968990325928,2.1628482341766,2.1662225723267,2.1259751319885,2.044410943985,2.1063852310181,2.0719041824341,2.0900824069977,2.0869488716125,2.1608550548553,2.1073098182678,2.0689754486084,2.0840585231781,2.0674002170563,2.0910859107971,2.0376012325287,2.0796205997467,2.0779869556427,2.0648622512817,2.0644166469574,2.0559940338135,2.0416429042816,2.0762071609497,2.0453534126282,2.0423815250397,2.0679883956909,2.0189559459686,2.1120870113373,2.0344552993774,2.0751237869263,2.039824962616,2.0704686641693,2.0769200325012,2.1305146217346,2.0899839401245,2.0736770629883,2.0457088947296,2.0816271305084,2.0614581108093,2.0539526939392,2.0614547729492,2.0438711643219,2.0406730175018,2.0363202095032,2.0654878616333,2.0796141624451,1.9911187887192,2.061274766922,2.0167136192322,2.0204331874847,2.035747051239,2.0283963680267,2.0397169589996,2.0247850418091,2.0412313938141,2.065064907074,2.0291647911072,2.0505735874176,2.0448198318481,2.0317366123199,2.0191428661346,2.0119526386261,2.0192828178406,1.9976398944855,2.0009746551514,2.0015442371368,2.0269620418549,1.9912170171738,2.0238475799561,2.0105104446411,1.9975961446762,2.0086209774017,2.0265815258026,2.0097379684448,1.9780445098877,1.9491826295853,2.0007164478302,2.0224447250366,1.9673439264297,1.9903597831726,1.950502872467,2.0553283691406,1.9825818538666,2.0159349441528,2.016087770462,1.9686546325684,1.9575754404068,2.0346097946167,2.0134479999542,2.0175523757935,2.0195059776306,1.9946681261063,1.9770480394363,1.9828886985779,1.9678622484207,1.9674642086029,1.9363466501236,1.9448927640915,1.9704105854034,1.9907052516937,1.9773105382919,1.9831918478012,1.9897097349167,1.9625841379166,2.0086772441864,1.9813990592957,1.931240439415,1.9891381263733,1.9712618589401,1.9725106954575,1.9449460506439,1.9398820400238,1.9450188875198,2.0029699802399,1.9724301099777,2.0238056182861,1.9893863201141,1.9616117477417,1.9788579940796,1.9439715147018,2.0068671703339,1.9244259595871,1.9387023448944,1.9732691049576,1.9307987689972,1.9137051105499,2.0043337345123,1.9387620687485,2.0209338665009,1.9343152046204,1.9549921751022,1.9502642154694,1.9304358959198,1.9461370706558,1.9341970682144,1.9328031539917,1.9719970226288,1.9356365203857,2.0083365440369,2.0137567520142,1.8908470869064,1.9309746026993,1.9113183021545,1.9667458534241,1.9167822599411,1.9524592161179,1.9131070375443,1.9266332387924,1.9447638988495,1.9016299247742,1.8890527486801,1.8920023441315,1.9258632659912,1.9708077907562,1.9777406454086,1.9282820224762,1.9190783500671,1.9156292676926,1.9228423833847,1.8994433879852,1.8994094133377,1.8723343610764,1.8610371351242,1.9295349121094,1.8784917593002,1.8750476837158,1.8591824769974,1.8711361885071,1.8956512212753,1.9073216915131,1.9262943267822,1.8864084482193,1.9097065925598,1.857372879982,1.9301919937134,1.9523931741714,1.9284328222275,1.8738746643066,1.8851321935654,1.8822520971298,1.8360203504562,1.8662770986557,1.8618222475052,1.8713128566742,1.9284986257553,1.9095513820648,1.909108042717,1.8706024885178,1.8791962862015,1.8505650758743,1.8830465078354,1.8683886528015,1.8746411800385,1.8642474412918,1.8564978837967,1.8646816015244,1.8686435222626,1.8620495796204,1.9502388238907,1.9002947807312,1.8447525501251,1.8890408277512,1.9145220518112,1.8441406488419,1.8782885074615,1.8768728971481,1.887323975563,1.9145064353943,1.9289321899414,1.9381359815598,1.9240435361862,1.8853621482849,1.8701062202454,1.9239416122437,1.8889335393906,1.8728498220444,1.8376586437225,1.8852887153625,1.8846714496613,1.8969216346741,1.8941880464554,1.925815820694,1.8724892139435,1.8984347581863,1.9032890796661,1.8163480758667,1.8712328672409,1.8334664106369,1.8441945314407,1.8523585796356,1.8679382801056,1.847584605217,1.8466184139252,1.8569182157516,1.8651682138443,1.8499187231064,1.7910373210907,1.8272334337234,1.8736070394516,1.8468191623688,1.8230751752853,1.798614025116,1.7942687273026,1.8452591896057,1.8653913736343,1.8418201208115,